{
  "full_image": {
    "mse_all": 0.0022208483424037695,
    "mse_albedo": 0.003659304929897189,
    "mse_normal_xy": 0.0002813554019667208,
    "mse_orm": 0.002075386932119727,
    "mae_all": 0.03415503352880478
  },
  "random_batch": {
    "batch_size": 65536,
    "mse_all": 0.001280814642086625,
    "mse_albedo": 0.001826987718231976,
    "mse_normal_xy": 0.00023873911413829774,
    "mse_orm": 0.001429358497262001
  }
}