{
  "full_image": {
    "mse_all": 0.0029951734468340874,
    "mse_albedo": 0.0036787439603358507,
    "mse_normal_xy": 0.001123899477533996,
    "mse_orm": 0.0035591188352555037,
    "mae_all": 0.0423751026391983
  },
  "random_batch": {
    "batch_size": 131072,
    "mse_all": 0.001889330567792058,
    "mse_albedo": 0.0019356271950528026,
    "mse_normal_xy": 0.001051739789545536,
    "mse_orm": 0.002401427598670125
  }
}