{
  "full_image": {
    "mse_all": 0.0019467808306217194,
    "mse_albedo": 0.0032639780547469854,
    "mse_normal_xy": 0.00024035738897509873,
    "mse_orm": 0.0017671994864940643,
    "mae_all": 0.031918175518512726
  },
  "random_batch": {
    "batch_size": 65536,
    "mse_all": 0.0009223032975569367,
    "mse_albedo": 0.001348204561509192,
    "mse_normal_xy": 0.0001964503899216652,
    "mse_orm": 0.0009803040884435177
  }
}