{
  "full_image": {
    "mse_all": 0.02181343547999859,
    "mse_albedo": 0.004488272592425346,
    "mse_normal_xy": 0.0012564784847199917,
    "mse_orm": 0.052843231707811356,
    "mae_all": 0.09606432914733887
  },
  "random_batch": {
    "batch_size": 131072,
    "mse_all": 0.02187650091946125,
    "mse_albedo": 0.002075794618576765,
    "mse_normal_xy": 0.0008516778470948339,
    "mse_orm": 0.05569375678896904
  }
}