{
  "full_image": {
    "mse_all": 0.017465228214859962,
    "mse_albedo": 0.004526046570390463,
    "mse_normal_xy": 0.061414241790771484,
    "mse_orm": 0.0011050684843212366,
    "mae_all": 0.07077456265687943
  },
  "random_batch": {
    "batch_size": 65536,
    "mse_all": 0.0005694627179764211,
    "mse_albedo": 1.9053499272558838e-05,
    "mse_normal_xy": 0.002182941883802414,
    "mse_orm": 4.4219115807209164e-05
  }
}